local_level_id,local_level_name,district_id,nepali_name
1,Aamchowk Gaunpalika (Bhojpur),6,आमचोक गाउँपालिका (भोजपुर)
2,Arun Gaunpalika (Bhojpur),6,अरुण गाउँपालिका (भोजपुर)
3,Bhojpur Municipality (Bhojpur),6,भोजपुर नगरपालिका (भोजपुर)
4,Hatuwagadhi Gaunpalika (Bhojpur),6,हतुवागढी गाउँपालिका (भोजपुर)
5,Pauwa Dunma Gaunpalika (Bhojpur),6,पौवा दुन्मा गाउँपालिका (भोजपुर)
6,Ramprasad Rai Gaunpalika (Bhojpur),6,रामप्रसाद राई गाउँपालिका (भोजपुर)
7,Salpa Silichho Gaunpalika (Bhojpur),6,साल्पा सिलिचो गाउँपालिका (भोजपुर)
8,Shadananda Municipality (Bhojpur),6,शहीद दानवीर नगरपालिका (भोजपुर)
9,Temke Maiyum Gaunpalika (Bhojpur),6,टेम्के मैयुम गाउँपालिका (भोजपुर)
10,Chaubise Gaunpalika (Dhankuta),7,चौबिसे गाउँपालिका (धनकुटा)
11,Chhathar Jorpati Gaunpalika (Dhankuta),7,छथर जोरपाटी गाउँपालिका (धनकुटा)
12,Dhankuta Municipality (Dhankuta),7,धनकुटा नगरपालिका (धनकुटा)
13,Khalsa Chhintang Sahidbhumi Gaunpalika (Dhankuta),7,खल्सा छिन्ताङ सहीदभूमि गाउँपालिका (धनकुटा)
14,Mahalaxmi Municipality (Dhankuta),7,महालक्ष्मी नगरपालिका (धनकुटा)
15,Pakhribas Municipality (Dhankuta),7,पाख्रिबास नगरपालिका (धनकुटा)
16,Sangurigadhi Gaunpalika (Dhankuta),7,साङ्गुरीगढी गाउँपालिका (धनकुटा)
17,Chulachuli Gaunpalika (Ilam),10,चुलाचुली गाउँपालिका (इलाम)
18,Deumai Municipality (Ilam),10,देउमाई नगरपालिका (इलाम)
19,Fakfokathum Gaunpalika (Ilam),10,फाकफोकथुम गाउँपालिका (इलाम)
20,Illam Municipality (Ilam),10,इलाम नगरपालिका (इलाम)
21,Mai Jogmai Gaunpalika (Ilam),10,माई जोगमाई गाउँपालिका (इलाम)
22,Mai Municipality (Ilam),10,माई नगरपालिका (इलाम)
23,Mangsebung Gaunpalika (Ilam),10,माङसेबुङ गाउँपालिका (इलाम)
24,Rong Gaunpalika (Ilam),10,रोङ गाउँपालिका (इलाम)
25,Sandakpur Gaunpalika (Ilam),10,सन्दकपुर गाउँपालिका (इलाम)
26,Suryodaya Municipality (Ilam),10,सूर्योदय नगरपालिका (इलाम)
27,Arjundhara Municipality (Jhapa),11,अर्जुनधारा नगरपालिका (झापा)
28,Barhadashi Gaunpalika (Jhapa),11,बर्हडाडी गाउँपालिका (झापा)
29,Bhadrapur Municipality (Jhapa),11,भद्रपुर नगरपालिका (झापा)
30,Birtamod Municipality (Jhapa),11,विर्तामोड नगरपालिका (झापा)
31,Buddhashanti Gaunpalika (Jhapa),11,बुद्धशान्ति गाउँपालिका (झापा)
32,Damak Municipality (Jhapa),11,दमक नगरपालिका (झापा)
33,Gauradaha Municipality (Jhapa),11,गौरादह नगरपालिका (झापा)
34,Gauriganj Gaunpalika (Jhapa),11,गौरीगञ्ज गाउँपालिका (झापा)
35,Haldibari Gaunpalika (Jhapa),11,हल्दीवारी गाउँपालिका (झापा)
36,Jhapa Gaunpalika (Jhapa),11,झापा गाउँपालिका (झापा)
37,Kachanakawal Gaunpalika (Jhapa),11,कचनकवल गाउँपालिका (झापा)
38,Kamal Gaunpalika (Jhapa),11,कमल गाउँपालिका (झापा)
39,Kankai Municipality (Jhapa),11,कन्काई नगरपालिका (झापा)
40,Mechinagar Municipality (Jhapa),11,मेचीनगर नगरपालिका (झापा)
41,Shivasatakshi Municipality (Jhapa),11,शिवसताक्षी नगरपालिका (झापा)
42,Aiselukharka Gaunpalika (Khotang),5,ऐसेलुखर्क गाउँपालिका (खोटाङ)
43,Baraha Pokhari Gaunpalika (Khotang),5,बराहपोखरी गाउँपालिका (खोटाङ)
44,Diktal Rupakot Majhuwagadhi Municipality (Khotang),5,दिक्तेल रुपाकोट मझुवागढी नगरपालिका (खोटाङ)
45,Diprung Chuichumma Gaunpalika (Khotang),5,दिप्रुङ चुइचुम्मा गाउँपालिका (खोटाङ)
46,Halesi Tuwachung Municipality (Khotang),5,हलेसी तुवाचुङ नगरपालिका (खोटाङ)
47,Jante Dhunga Gaunpalika (Khotang),5,जन्ते ढुङ्गा गाउँपालिका (खोटाङ)
48,Kepilasgadhi Gaunpalika (Khotang),5,केपिलासगढी गाउँपालिका (खोटाङ)
49,Khotehang Gaunpalika (Khotang),5,खोटेहाङ गाउँपालिका (खोटाङ)
50,RawaBeshi Gaunpalika (Khotang),5,रवाबेशी गाउँपालिका (खोटाङ)
51,Sakela Gaunpalika (Khotang),5,साकेला गाउँपालिका (खोटाङ)
52,Belbari Municipality (Morang),12,बेलवारी नगरपालिका (मोरङ)
53,Biratnagar Metropolitan City (Morang),12,विराटनगर महानगरपालिका (मोरङ)
54,Budhiganga Gaunpalika (Morang),12,बुढीगंगा गाउँपालिका (मोरङ)
55,Dhanapalthan Gaunpalika (Morang),12,धनपालथान गाउँपालिका (मोरङ)
56,Gramthan Gaunpalika (Morang),12,ग्रामथान गाउँपालिका (मोरङ)
57,Jahada Gaunpalika (Morang),12,जहदा गाउँपालिका (मोरङ)
58,Kanepokhari Gaunpalika (Morang),12,कानेपोखरी गाउँपालिका (मोरङ)
59,Katahari Gaunpalika (Morang),12,कटहरी गाउँपालिका (मोरङ)
60,Kerabari Gaunpalika (Morang),12,केरावारी गाउँपालिका (मोरङ)
61,Letang Bazar (Morang),12,लेटाङ बजार (मोरङ)
62,Miklajung Gaunpalika (Morang),12,मिक्लाजुङ गाउँपालिका (मोरङ)
63,Pathari Shanishchare Municipality (Morang),12,पथरी शनिश्चरे नगरपालिका (मोरङ)
64,Rangeli Municipality (Morang),12,रंगेली नगरपालिका (मोरङ)
65,Ratuwamai Municipality (Morang),12,रतुवामाई नगरपालिका (मोरङ)
66,Sundarharaicha Municipality (Morang),12,सुन्दरहरैंचा नगरपालिका (मोरङ)
67,Sunwarshi Municipality (Morang),12,सुनवर्षी नगरपालिका (मोरङ)
68,Urlabari Municipality (Morang),12,उर्लावारी नगरपालिका (मोरङ)
69,Champadevi Gaunpalika (Okhaldhunga),4,चम्पादेवी गाउँपालिका (ओखलढुङ्गा)
70,Chishankhu Gadhi Gaunpalika (Okhaldhunga),4,चिशंखु गढी गाउँपालिका (ओखलढुङ्गा)
71,Khiji Demba Gaunpalika (Okhaldhunga),4,खिजिदेम्बा गाउँपालिका (ओखलढुङ्गा)
72,Likhu Gaunpalika (Okhaldhunga),4,लिखु गाउँपालिका (ओखलढुङ्गा)
73,Manebhanjyang Gaunpalika (Okhaldhunga),4,मानेभञ्ज्याङ गाउँपालिका (ओखलढुङ्गा)
74,Molung Gaunpalika (Okhaldhunga),4,मोलुङ गाउँपालिका (ओखलढुङ्गा)
75,Siddhicharan Municipality (Okhaldhunga),4,सिद्धिचरण नगरपालिका (ओखलढुङ्गा)
76,Sunkoshi Gaunpalika (Okhaldhunga),4,सुनकोशी गाउँपालिका (ओखलढुङ्गा)
77,Falelung Gaunpalika (Panchthar),9,फालेलुङ गाउँपालिका (पाँचथर)
78,Hilihan Gaunpalika (Panchthar),9,हिलिहाङ गाउँपालिका (पाँचथर)
79,Kummayak Gaunpalika (Panchthar),9,कुम्मायक गाउँपालिका (पाँचथर)
80,Miklajung Gaunpalika (Panchthar),9,मिक्लाजुङ गाउँपालिका (पाँचथर)
81,Phalgunanda Gaunpalika (Panchthar),9,फाल्गुनन्द गाउँपालिका (पाँचथर)
82,Phidim Municipality (Panchthar),9,फिदिम नगरपालिका (पाँचथर)
83,Tumbewa Gaunpalika (Panchthar),9,तुम्बेवा गाउँपालिका (पाँचथर)
84,Yangbarak Gaunpalika (Panchthar),9,याङबरक गाउँपालिका (पाँचथर)
85,Bhotkhola Gaunpalika (Sankhuwasabha),2,भोटखोला गाउँपालिका (सङ्खुवासभा)
86,Chainapur Municipality (Sankhuwasabha),2,चैनपुर नगरपालिका (सङ्खुवासभा)
87,Chichila Gaunpalika (Sankhuwasabha),2,चिचिला गाउँपालिका (सङ्खुवासभा)
88,Dharmadevi Municipality (Sankhuwasabha),2,धर्मदेवी नगरपालिका (सङ्खुवासभा)
89,Khandabari Municipality (Sankhuwasabha),2,खादाबारी नगरपालिका (सङ्खुवासभा)
90,Madi Municipality (Sankhuwasabha),2,मादी नगरपालिका (सङ्खुवासभा)
91,Makalu Gaunpalika (Sankhuwasabha),2,मकालु गाउँपालिका (सङ्खुवासभा)
92,Panchakhapan Municipality (Sankhuwasabha),2,पाँचखपन नगरपालिका (सङ्खुवासभा)
93,Sabhapokhari Gaunpalika (Sankhuwasabha),2,सभापोखरी गाउँपालिका (सङ्खुवासभा)
94,Silichong Gaunpalika (Sankhuwasabha),2,सिलीचोङ गाउँपालिका (सङ्खुवासभा)
95,Dhudhakoshi Gaunpalika (Solukhumbu),3,धुधकोशी गाउँपालिका (सोलुखुम्बु)
96,Dhudhkausika Gaunpalika (Solukhumbu),3,धुधकौशिका गाउँपालिका (सोलुखुम्बु)
97,Khumbu Pasanglhamu Gaunpalika (Solukhumbu),3,खुम्बु पासाङल्हामु गाउँपालिका (सोलुखुम्बु)
98,Likhu Pike Gaunpalika (Solukhumbu),3,लिखु पिके गाउँपालिका (सोलुखुम्बु)
99,Mahakulung Gaunpalika (Solukhumbu),3,महाकुलुङ गाउँपालिका (सोलुखुम्बु)
100,Necha Salyan Gaunpalika (Solukhumbu),3,नेचा सल्यान गाउँपालिका (सोलुखुम्बु)
101,Solu Dhudhakunda Municipality (Solukhumbu),3,सोलु दुधकुण्ड नगरपालिका (सोलुखुम्बु)
102,Sotang Gaunpalika (Solukhumbu),3,सोताङ गाउँपालिका (सोलुखुम्बु)
103,Baraha Chetra Municipality (Sunsari),13,बराहक्षेत्र नगरपालिका (सुनसरी)
104,Barju Gaunpalika (Sunsari),13,बर्जु गाउँपालिका (सुनसरी)
105,Bhokraha Narasinha Gaunpalika (Sunsari),13,भोक्राहा नरसिंह गाउँपालिका (सुनसरी)
106,Dewangunj Gaunpalika (Sunsari),13,देवानगञ्ज गाउँपालिका (सुनसरी)
107,Dharan Sub-Metropolitan City (Sunsari),13,धरान उप-महानगरपालिका (सुनसरी)
108,Duhabi Municipality (Sunsari),13,दुहवी नगरपालिका (सुनसरी)
109,Gadhi Gaunpalika (Sunsari),13,गढी गाउँपालिका (सुनसरी)
110,Harinagar Gaunpalika (Sunsari),13,हरिनगर गाउँपालिका (सुनसरी)
111,Inaruwa Municipality (Sunsari),13,इनरुवा नगरपालिका (सुनसरी)
112,Itahari Sub-Metropolitan City (Sunsari),13,इटहरी उप-महानगरपालिका (सुनसरी)
113,Koshi Gaunpalika (Sunsari),13,कोशी गाउँपालिका (सुनसरी)
114,Ramdhuni Municipality (Sunsari),13,रामधुनी नगरपालिका (सुनसरी)
115,Fungling Gaunpalika (Taplejung),1,फुङलिङ गाउँपालिका (ताप्लेजुङ)
116,Maiwakhola Gaunpalika (Taplejung),1,मैवाखोला गाउँपालिका (ताप्लेजुङ)
117,Merinden Gaunpalika (Taplejung),1,मेरिण्डेन गाउँपालिका (ताप्लेजुङ)
118,Pathivara yangwarak Gaunpalika (Taplejung),1,पाथीभरा याङवरक गाउँपालिका (ताप्लेजुङ)
119,Phaktanlung Gaunpalika (Taplejung),1,फक्ताङलुङ गाउँपालिका (ताप्लेजुङ)
120,Sidingba Gaunpalika (Taplejung),1,सिडिङ्बा गाउँपालिका (ताप्लेजुङ)
121,Sirijanga Gaunpalika (Taplejung),1,सिरिजङ्गा गाउँपालिका (ताप्लेजुङ)
122,Aatharai Tribeni Gaunpalika (Taplejung),1,आठराई त्रिवेणी गाउँपालिका (ताप्लेजुङ)
123,Mikhwakhola Gaunpalika (Taplejung),1,मिख्वाखोला गाउँपालिका (ताप्लेजुङ)
124,Aatharai Gaunpalika (Terhathum),8,आठराई गाउँपालिका (तेह्रथुम)
125,Chhathar Gaunpalika (Terhathum),8,छथर गाउँपालिका (तेह्रथुम)
126,Laligurans Municipality (Terhathum),8,लालीगुराँस नगरपालिका (तेह्रथुम)
127,Menchhayayem Gaunpalika (Terhathum),8,मेन्छयायेम गाउँपालिका (तेह्रथुम)
128,Myanglung Municipality (Terhathum),8,म्याङलुङ नगरपालिका (तेह्रथुम)
129,Phedap Gaunpalika (Terhathum),8,फेदाप गाउँपालिका (तेह्रथुम)
130,Belaka Municipality (Udayapur),14,बेलका नगरपालिका (उदयपुर)
131,Chaudandigadhi Municipality (Udayapur),14,चौदण्डीगढी नगरपालिका (उदयपुर)
132,Katari Municipality (Udayapur),14,कटारी नगरपालिका (उदयपुर)
133,Limchubung Gaunpalika (Udayapur),14,लिम्चुबुङ गाउँपालिका (उदयपुर)
134,Rautamai Gaunpalika (Udayapur),14,रौतामाई गाउँपालिका (उदयपुर)
135,Tapli Gaunpalika (Udayapur),14,ताप्ली गाउँपालिका (उदयपुर)
136,Triyuga Municipality (Udayapur),14,त्रियुगा नगरपालिका (उदयपुर)
137,Udayapurgadhi Gaunpalika (Udayapur),14,उदयपुरगढी गाउँपालिका (उदयपुर)
138,Aadarsha Kotwal Gaunpalika (Bara),21,आदर्श कोतवाल गाउँपालिका (बारा)
139,Baragadhi Gaunpalika (Bara),21,बरगढी गाउँपालिका (बारा)
140,Bishrampur Gaunpalika (Bara),21,बिश्रामपुर गाउँपालिका (बारा)
141,Devtal Gaunpalika (Bara),21,देवताल गाउँपालिका (बारा)
142,Jitpur Simara Sub-Metropolitan City (Bara),21,जितपुर सिमरा उप-महानगरपालिका (बारा)
143,Kalaiya Sub-Metropolitan City (Bara),21,कलैया उप-महानगरपालिका (बारा)
144,Karaiyamai Gaunpalika (Bara),21,करैयामाई गाउँपालिका (बारा)
145,Kolhabi Municipality (Bara),21,कोल्हवी नगरपालिका (बारा)
146,Mahagadhimai Municipality (Bara),21,महागढीमाई नगरपालिका (बारा)
147,Nijagadh Municipality (Bara),21,निजगढ नगरपालिका (बारा)
148,Pacharauta Municipality (Bara),21,पचरौता नगरपालिका (बारा)
149,Parawanipur Gaunpalika (Bara),21,परवानीपुर गाउँपालिका (बारा)
150,Pheta Gaunpalika (Bara),21,फेटा गाउँपालिका (बारा)
151,Prasauni Gaunpalika (Bara),21,प्रसौनी गाउँपालिका (बारा)
152,Simroungadh Municipality (Bara),21,सिम्रौनगढ नगरपालिका (बारा)
153,Subarna Gaunpalika (Bara),21,सुवर्ण गाउँपालिका (बारा)
154,Aurahi Gaunpalika (Dhanusha),17,औरही गाउँपालिका (धनुषा)
155,Bateshwor Gaunpalika (Dhanusha),17,बटेश्वर गाउँपालिका (धनुषा)
156,Bideha Municipality (Dhanusha),17,विदेह नगरपालिका (धनुषा)
157,Chhireshwornath Municipality (Dhanusha),17,छिरेश्वरनाथ नगरपालिका (धनुषा)
158,Dhanauji Gaunpalika (Dhanusha),17,धनौजी गाउँपालिका (धनुषा)
159,Dhanushadham Municipality (Dhanusha),17,धनुषाधाम नगरपालिका (धनुषा)
160,Ganeshman Charnath Municipality (Dhanusha),17,गणेशमान चार्नाथ नगरपालिका (धनुषा)
161,Hansapur Municipality (Dhanusha),17,हंसपुर नगरपालिका (धनुषा)
162,Janak Nandini Gaunpalika (Dhanusha),17,जनक नन्दिनी गाउँपालिका (धनुषा)
163,Janakpur Sub-Metropolitan City (Dhanusha),17,जनकपुर उप-महानगरपालिका (धनुषा)
164,Kamala Municipality (Dhanusha),17,कमला नगरपालिका (धनुषा)
165,Laxminiya Gaunpalika (Dhanusha),17,लक्ष्मीनिया गाउँपालिका (धनुषा)
166,Mithila Bihari Municipality (Dhanusha),17,मिथिला बिहारी नगरपालिका (धनुषा)
167,Mithila Municipality (Dhanusha),17,मिथिला नगरपालिका (धनुषा)
168,Mukhiyapatti Musaharmiya Gaunpalika (Dhanusha),17,मुखियापट्टी मुसहरमिया गाउँपालिका (धनुषा)
169,Nagarain Municipality (Dhanusha),17,नगराईन नगरपालिका (धनुषा)
170,Sabaila Municipality (Dhanusha),17,सबैला नगरपालिका (धनुषा)
171,Shahidnagar Municipality (Dhanusha),17,शहीदनगर नगरपालिका (धनुषा)
172,Aurahi Municipality (Mahottari),18,औरही नगरपालिका (महोत्तरी)
173,Balawa Municipality (Mahottari),18,बलवा नगरपालिका (महोत्तरी)
174,Bardibas Municipality (Mahottari),18,बर्दिबास नगरपालिका (महोत्तरी)
175,Bhangaha Municipality (Mahottari),18,भँगाहा नगरपालिका (महोत्तरी)
176,Ekadara Gaunpalika (Mahottari),18,एकडारा गाउँपालिका (महोत्तरी)
177,Gaushala Municipality (Mahottari),18,गौशाला नगरपालिका (महोत्तरी)
178,Jaleshwor Municipality (Mahottari),18,जलेश्वर नगरपालिका (महोत्तरी)
179,Loharpatti Municipality (Mahottari),18,लोहरपट्टी नगरपालिका (महोत्तरी)
180,Mahottari Gaunpalika (Mahottari),18,महोत्तरी गाउँपालिका (महोत्तरी)
181,Manara Shisawa Municipality (Mahottari),18,मनरा शिसवा नगरपालिका (महोत्तरी)
182,Matihani Municipality (Mahottari),18,मटिहानी नगरपालिका (महोत्तरी)
183,Pipara Gaunpalika (Mahottari),18,पिपरा गाउँपालिका (महोत्तरी)
184,Ram Gopalpur Municipality (Mahottari),18,रामगोपालपुर नगरपालिका (महोत्तरी)
185,Samsi Gaunpalika (Mahottari),18,संसी गाउँपालिका (महोत्तरी)
186,Sonama Gaunpalika (Mahottari),18,सोनमा गाउँपालिका (महोत्तरी)
187,Bahudarmai Municipality (Parsa),22,बहुदरमाई नगरपालिका (पर्सा)
188,Bindabasini Gaunpalika (Parsa),22,विन्दबासिनी गाउँपालिका (पर्सा)
189,Birgunj Metropolitan City (Parsa),22,बिरगंज महानगरपालिका (पर्सा)
190,Chhipaharmai Gaunpalika (Parsa),22,छिपहरमाई गाउँपालिका (पर्सा)
191,Dhobini Gaunpalika (Parsa),22,धोबिनी गाउँपालिका (पर्सा)
192,Jagarnathpur Gaunpalika (Parsa),22,जगरनाथपुर गाउँपालिका (पर्सा)
193,Jirabhawani Gaunpalika (Parsa),22,जिराभवानी गाउँपालिका (पर्सा)
194,Kalikamai Gaunpalika (Parsa),22,कालिकामाई गाउँपालिका (पर्सा)
195,Pakaha Mainpur Gaunpalika (Parsa),22,पकाहा मैनपुर गाउँपालिका (पर्सा)
196,Parsagadhi Municipality (Parsa),22,पर्सागढी नगरपालिका (पर्सा)
197,Paterwa Sugauli Gaunpalika (Parsa),22,पटेर्वा सुगौली गाउँपालिका (पर्सा)
198,Pokhariya Municipality (Parsa),22,पोखरिया नगरपालिका (पर्सा)
199,Sakhuwa Prasauni Gaunpalika (Parsa),22,सखुवा प्रसौनी गाउँपालिका (पर्सा)
200,Thori Gaunpalika (Parsa),22,थोरी गाउँपालिका (पर्सा)
201,Boudhimai Municipality (Rautahat),20,बौद्धीमाई नगरपालिका (रौतहट)
202,Brindaban Municipality (Rautahat),20,ब्रिन्दावन नगरपालिका (रौतहट)
203,Chandrapur Municipality (Rautahat),20,चन्द्रपुर नगरपालिका (रौतहट)
204,Dewahi Gonahi Municipality (Rautahat),20,देवाही गोनाही नगरपालिका (रौतहट)
205,Durga Bhagawati Gaunpalika (Rautahat),20,दुर्गा भगवती गाउँपालिका (रौतहट)
206,Gadhimai Municipality (Rautahat),20,गढीमाई नगरपालिका (रौतहट)
207,Garuda Municipality (Rautahat),20,गरुडा नगरपालिका (रौतहट)
208,Gaur Municipality (Rautahat),20,गौर नगरपालिका (रौतहट)
209,Gujara Municipality (Rautahat),20,गुजरा नगरपालिका (रौतहट)
210,Ishanath Municipality (Rautahat),20,ईशानाथ नगरपालिका (रौतहट)
211,Katahariya Municipality (Rautahat),20,कटहरिया नगरपालिका (रौतहट)
212,Madhav Narayan Municipality (Rautahat),20,माधव नारायण नगरपालिका (रौतहट)
213,Maulapur Municipality (Rautahat),20,मौलापुर नगरपालिका (रौतहट)
214,Paroha Municipality (Rautahat),20,परोहा नगरपालिका (रौतहट)
215,Phatuwa Bijayapur Municipality (Rautahat),20,फतुवा बिजयपुर नगरपालिका (रौतहट)
216,Rajdevi Municipality (Rautahat),20,राजदेवी नगरपालिका (रौतहट)
217,Rajpur Municipality (Rautahat),20,राजपुर नगरपालिका (रौतहट)
218,Yamunamai Gaunpalika (Rautahat),20,यमुनामाई गाउँपालिका (रौतहट)
219,Agmisair Krishna Sabaran Gaunpalika (Saptari),15,अग्निसायर कृष्ण सबरन गाउँपालिका (सप्तरी)
220,Balan-Bihul Gaunpalika (Saptari),15,बलन-बिहुल गाउँपालिका (सप्तरी)
221,Bishnupur Gaunpalika (Saptari),15,बिष्णुपुर गाउँपालिका (सप्तरी)
222,Bode Barsain Municipality (Saptari),15,बोदे बरसैन नगरपालिका (सप्तरी)
223,Chhinnamasta Gaunpalika (Saptari),15,छिन्नमस्ता गाउँपालिका (सप्तरी)
224,Dakneshwori Municipality (Saptari),15,डाक्नेश्वरी नगरपालिका (सप्तरी)
225,Hanumannagar Kankalini Municipality (Saptari),15,हनुमाननगर कंकालिनी नगरपालिका (सप्तरी)
226,Kanchanrup Municipality (Saptari),15,कंचनरूप नगरपालिका (सप्तरी)
227,Khadak Municipality (Saptari),15,खडक नगरपालिका (सप्तरी)
228,Mahadewa Gaunpalika (Saptari),15,महादेव गाउँपालिका (सप्तरी)
229,Rajbiraj Municipality (Saptari),15,राजविराज नगरपालिका (सप्तरी)
230,Rajgud Gaunpalika (Saptari),15,राजगुद गाउँपालिका (सप्तरी)
231,Rupani Gaunpalika (Saptari),15,रुपनी गाउँपालिका (सप्तरी)
232,Saptakoshi Municipality (Saptari),15,सप्तकोशी नगरपालिका (सप्तरी)
233,Shambhunath Municipality (Saptari),15,शम्भुनाथ नगरपालिका (सप्तरी)
234,Surunga Municipality (Saptari),15,सुरुङ्गा नगरपालिका (सप्तरी)
235,Tilathi Koiladi Gaunpalika (Saptari),15,तिलाठी कोइलाडी गाउँपालिका (सप्तरी)
236,Tirahut Gaunpalika (Saptari),15,तिरहुत गाउँपालिका (सप्तरी)
237,Bagmati Municipality (Sarlahi),19,बागमती नगरपालिका (सर्लाही)
238,Balara Municipality (Sarlahi),19,बलरा नगरपालिका (सर्लाही)
239,Barahathawa Municipality (Sarlahi),19,बरहथवा नगरपालिका (सर्लाही)
240,Basbariya Gaunpalika (Sarlahi),19,बसबरिया गाउँपालिका (सर्लाही)
241,Bishnu Gaunpalika (Sarlahi),19,बिष्णु गाउँपालिका (सर्लाही)
242,Brahmapuri Gaunpalika (Sarlahi),19,ब्रह्मपुरी गाउँपालिका (सर्लाही)
243,Chakraghatta Gaunpalika (Sarlahi),19,चक्रघट्टा गाउँपालिका (सर्लाही)
244,Chandranagar Gaunpalika (Sarlahi),19,चन्द्रनगर गाउँपालिका (सर्लाही)
245,Dhanakaul Gaunpalika (Sarlahi),19,धनकौल गाउँपालिका (सर्लाही)
246,Godaita Municipality (Sarlahi),19,गोडैता नगरपालिका (सर्लाही)
247,Haripur Municipality (Sarlahi),19,हरिपुर नगरपालिका (सर्लाही)
248,Haripurwa Municipality (Sarlahi),19,हरिपुर्वा नगरपालिका (सर्लाही)
249,Hariwan Municipality (Sarlahi),19,हरिवन नगरपालिका (सर्लाही)
250,Ishworpur Municipality (Sarlahi),19,ईश्वरपुर नगरपालिका (सर्लाही)
251,Kabilashi Municipality (Sarlahi),19,कविलासी नगरपालिका (सर्लाही)
252,Kaudena Gaunpalika (Sarlahi),19,कौडेना गाउँपालिका (सर्लाही)
253,Lalbandi Municipality (Sarlahi),19,लालबन्दी नगरपालिका (सर्लाही)
254,Malangawa Municipality (Sarlahi),19,मलङ्गवा नगरपालिका (सर्लाही)
255,Parsa Gaunpalika (Sarlahi),19,पर्सा गाउँपालिका (सर्लाही)
256,Ramnagar Gaunpalika (Sarlahi),19,रामनगर गाउँपालिका (सर्लाही)
257,Arnama Gaunpalika (Siraha),16,अर्नमा गाउँपालिका (सिराहा)
258,Aurahi Gaunpalika (Siraha),16,औरही गाउँपालिका (सिराहा)
259,Bariyarpatti Gaunpalika (Siraha),16,बरियारपट्टी गाउँपालिका (सिराहा)
260,Bhagawanpur Gaunpalika (Siraha),16,भगवानपुर गाउँपालिका (सिराहा)
261,Bishnupur Gaunpalika (Siraha),16,बिष्णुपुर गाउँपालिका (सिराहा)
262,Dhangadhimai Municipality (Siraha),16,धनगढीमाई नगरपालिका (सिराहा)
263,Golbazar Municipality (Siraha),16,गोलबजार नगरपालिका (सिराहा)
264,Kalyanpur Municipality (Siraha),16,कल्याणपुर नगरपालिका (सिराहा)
265,Karjanha Municipality (Siraha),16,कर्जन्हा नगरपालिका (सिराहा)
266,Lahan Municipality (Siraha),16,लहान नगरपालिका (सिराहा)
267,Laxmipur Patari Gaunpalika (Siraha),16,लक्ष्मीपुर पटारी गाउँपालिका (सिराहा)
268,Mirchaiya Municipality (Siraha),16,मिर्चैया नगरपालिका (सिराहा)
269,Naraha Gaunpalika (Siraha),16,नरहा गाउँपालिका (सिराहा)
270,Nawarajpur Gaunpalika (Siraha),16,नवराजपुर गाउँपालिका (सिराहा)
271,Sakhuwa Nankarkatti Gaunpalika (Siraha),16,सखुवा नन्करकट्टी गाउँपालिका (सिराहा)
272,Siraha Municipality (Siraha),16,सिराहा नगरपालिका (सिराहा)
273,Sukhipur Municipality (Siraha),16,सुखीपुर नगरपालिका (सिराहा)
274,Bhaktapur Municipality (Bhaktapur),29,भक्तपुर नगरपालिका (भक्तपुर)
275,Changunarayan Municipality (Bhaktapur),29,चाँगुनारायण नगरपालिका (भक्तपुर)
276,Madhyapur Thimi Municipality (Bhaktapur),29,मध्यपुर थिमी नगरपालिका (भक्तपुर)
277,Suryabinayak Municipality (Bhaktapur),29,सूर्यविनायक नगरपालिका (भक्तपुर)
278,Bharatpur Metropolitan City (Chitawan),35,भरतपुर महानगरपालिका (चितवन)
279,Ichchha Kamana Gaunpalika (Chitawan),35,इच्छाकामना गाउँपालिका (चितवन)
280,Kalika Municipality (Chitawan),35,कालिका नगरपालिका (चितवन)
281,Khairahani Municipality (Chitawan),35,खैरहनी नगरपालिका (चितवन)
282,Madi Municipality (Chitawan),35,माडी नगरपालिका (चितवन)
283,Rapti Municipality (Chitawan),35,राप्ती नगरपालिका (चितवन)
284,Ratnanagar Municipality (Chitawan),35,रत्ननगर नगरपालिका (चितवन)
285,Benighat Rorang Gaunpalika (Dhading),26,बेनीघाट रोराङ गाउँपालिका (धादिङ)
286,Dhunibenshi Municipality (Dhading),26,धुनीबेंशी नगरपालिका (धादिङ)
287,Gajuri Gaunpalika (Dhading),26,गजुरी गाउँपालिका (धादिङ)
288,Galchhi Gaunpalika (Dhading),26,गल्छी गाउँपालिका (धादिङ)
289,Ganga Jamuna Gaunpalika (Dhading),26,गंगाजमुना गाउँपालिका (धादिङ)
290,Jwalamukhi Gaunpalika (Dhading),26,ज्वालामुखी गाउँपालिका (धादिङ)
291,Khaniyabas Gaunpalika (Dhading),26,खनियाबास गाउँपालिका (धादिङ)
292,Netrawati Dabjong Gaunpalika (Dhading),26,नेत्रावती डबजोङ गाउँपालिका (धादिङ)
293,Nilkhantha Municipality (Dhading),26,नीलकण्ठ नगरपालिका (धादिङ)
294,Rubi Valley Gaunpalika (Dhading),26,रुबी भ्याली गाउँपालिका (धादिङ)
295,Siddhalek Gaunpalika (Dhading),26,सिद्धलेक गाउँपालिका (धादिङ)
296,Thakre Gaunpalika (Dhading),26,थाक्रे गाउँपालिका (धादिङ)
297,Tripurasundari Gaunpalika (Dhading),26,त्रिपुरासुन्दरी गाउँपालिका (धादिङ)
298,Baiteswor Gaunpalika (Dolakha),23,बैतेश्वर गाउँपालिका (दोलखा)
299,Bhimeshwor Municipality (Dolakha),23,भीमेश्वर नगरपालिका (दोलखा)
300,Bigu Gaunpalika (Dolakha),23,बिगु गाउँपालिका (दोलखा)
301,Gaurishankar Gaunpalika (Dolakha),23,गौरीशंकर गाउँपालिका (दोलखा)
302,Jiri Municipality (Dolakha),23,जिरी नगरपालिका (दोलखा)
303,Kalinchowk Gaunpalika (Dolakha),23,कालिन्चोक गाउँपालिका (दोलखा)
304,Melung Gaunpalika (Dolakha),23,मेलुङ गाउँपालिका (दोलखा)
305,Shailung Gaunpalika (Dolakha),23,शैलुङ गाउँपालिका (दोलखा)
306,Tamakoshi Gaunpalika (Dolakha),23,तामाकोशी गाउँपालिका (दोलखा)
307,Banepa Municipality (Kabhrepalanchok),31,बनेपा नगरपालिका (काभ्रेपलाञ्चोक)
308,Bethanchowk Gaunpalika (Kabhrepalanchok),31,बेथानचोक गाउँपालिका (काभ्रेपलाञ्चोक)
309,Bhumlu Gaunpalika (Kabhrepalanchok),31,भुम्लु गाउँपालिका (काभ्रेपलाञ्चोक)
310,Chauri Deurali Gaunpalika (Kabhrepalanchok),31,चौरी देवराली गाउँपालिका (काभ्रेपलाञ्चोक)
311,Dhulikhel Municipality (Kabhrepalanchok),31,धुलिखेल नगरपालिका (काभ्रेपलाञ्चोक)
312,Khanikhola Gaunpalika (Kabhrepalanchok),31,खानीखोला गाउँपालिका (काभ्रेपलाञ्चोक)
313,Mahabharat Gaunpalika (Kabhrepalanchok),31,महाभारत गाउँपालिका (काभ्रेपलाञ्चोक)
314,Mandan Deupur Municipality (Kabhrepalanchok),31,मण्डन देउपुर नगरपालिका (काभ्रेपलाञ्चोक)
315,Namobuddha Municipality (Kabhrepalanchok),31,नमोबुद्ध नगरपालिका (काभ्रेपलाञ्चोक)
316,Panauti Municipality (Kabhrepalanchok),31,पनौती नगरपालिका (काभ्रेपलाञ्चोक)
317,Panchkhal Municipality (Kabhrepalanchok),31,पाँचखाल नगरपालिका (काभ्रेपलाञ्चोक)
318,Roshi Gaunpalika (Kabhrepalanchok),31,रोशी गाउँपालिका (काभ्रेपलाञ्चोक)
319,Temal Gaunpalika (Kabhrepalanchok),31,तेमाल गाउँपालिका (काभ्रेपलाञ्चोक)
320,Budhanilkhantha Municipality (Kathmandu),28,बुढानिलकण्ठ नगरपालिका (काठमाडौँ)
321,Chandragiri Municipality (Kathmandu),28,चन्द्रागिरी नगरपालिका (काठमाडौँ)
322,Dakshinkali Municipality (Kathmandu),28,दक्षिणकाली नगरपालिका (काठमाडौँ)
323,Gokarneshwor Municipality (Kathmandu),28,गोकर्णेश्वर नगरपालिका (काठमाडौँ)
324,Kageshwori Manahara Municipality (Kathmandu),28,कागेश्वरी मनहरा नगरपालिका (काठमाडौँ)
325,Kathmandu Metropolitan City (Kathmandu),28,काठमाडौँ महानगरपालिका (काठमाडौँ)
326,Kirtipur Municipality (Kathmandu),28,कीर्तिपुर नगरपालिका (काठमाडौँ)
327,Nagarjun Municipality (Kathmandu),28,नागार्जुन नगरपालिका (काठमाडौँ)
328,Shankharapur Municipality (Kathmandu),28,शंखरापुर नगरपालिका (काठमाडौँ)
329,Tarakeshwor Municipality (Kathmandu),28,तारकेश्वर नगरपालिका (काठमाडौँ)
330,Tokha Municipality (Kathmandu),28,टोखा नगरपालिका (काठमाडौँ)
331,Bagmati Gaunpalika (Lalitpur),30,बागमती गाउँपालिका (ललितपुर)
332,Godawari Municipality (Lalitpur),30,गोदावरी नगरपालिका (ललितपुर)
333,Konjyosom Gaunpalika (Lalitpur),30,कोंज्योसोम गाउँपालिका (ललितपुर)
334,Lalitpur Metropolitan City (Lalitpur),30,ललितपुर महानगरपालिका (ललितपुर)
335,Mahalaxmi Municipality (Lalitpur),30,महालक्ष्मी नगरपालिका (ललितपुर)
336,Mahankal Gaunpalika (Lalitpur),30,महाङ्काल गाउँपालिका (ललितपुर)
337,Bagmati Gaunpalika (Makawanpur),34,बागमती गाउँपालिका (मकवानपुर)
338,Bakaiya Gaunpalika (Makawanpur),34,बकैया गाउँपालिका (मकवानपुर)
339,Bhimphedi Gaunpalika (Makawanpur),34,भिमफेदी गाउँपालिका (मकवानपुर)
340,Hetauda Sub-Metropolitan City (Makawanpur),34,हेटौडा उप-महानगरपालिका (मकवानपुर)
341,Indrasarowar Gaunpalika (Makawanpur),34,इन्द्रसरोवर गाउँपालिका (मकवानपुर)
342,Kailash Gaunpalika (Makawanpur),34,कैलाश गाउँपालिका (मकवानपुर)
343,Makawanpurgadhi Gaunpalika (Makawanpur),34,मकवानपुरगढी गाउँपालिका (मकवानपुर)
344,Manahari Gaunpalika (Makawanpur),34,मनहरी गाउँपालिका (मकवानपुर)
345,Raksirang Gaunpalika (Makawanpur),34,राक्सिराङ गाउँपालिका (मकवानपुर)
346,Thaha Municipality (Makawanpur),34,थाहा नगरपालिका (मकवानपुर)
347,Belkotgadhi Municipality (Nuwakot),27,बेलकोटगढी नगरपालिका (नुवाकोट)
348,Bidur Municipality (Nuwakot),27,बिदुर नगरपालिका (नुवाकोट)
349,Dupcheshwor Gaunpalika (Nuwakot),27,दुप्चेश्वर गाउँपालिका (नुवाकोट)
350,Kakani Gaunpalika (Nuwakot),27,ककनी गाउँपालिका (नुवाकोट)
351,Kispang Gaunpalika (Nuwakot),27,किस्पाङ गाउँपालिका (नुवाकोट)
352,Likhu Gaunpalika (Nuwakot),27,लिखु गाउँपालिका (नुवाकोट)
353,Myagang Gaunpalika (Nuwakot),27,म्यागङ गाउँपालिका (नुवाकोट)
354,Panchakanya Gaunpalika (Nuwakot),27,पञ्चकन्या गाउँपालिका (नुवाकोट)
355,Shivapuri Gaunpalika (Nuwakot),27,शिवपुरी गाउँपालिका (नुवाकोट)
356,Suryagadhi Gaunpalika (Nuwakot),27,सूर्यगढी गाउँपालिका (नुवाकोट)
357,Tadi Gaunpalika (Nuwakot),27,तादी गाउँपालिका (नुवाकोट)
358,Tarakeshwor Gaunpalika (Nuwakot),27,तारकेश्वर गाउँपालिका (नुवाकोट)
359,Doramba Gaunpalika (Ramechhap),32,दोरम्बा गाउँपालिका (रामेछाप)
360,Gokulganga Gaunpalika (Ramechhap),32,गोकुलगंगा गाउँपालिका (रामेछाप)
361,Khandadevi Gaunpalika (Ramechhap),32,खण्डादेवी गाउँपालिका (रामेछाप)
362,Likhu Tamakoshi Gaunpalika (Ramechhap),32,लिखु तामाकोशी गाउँपालिका (रामेछाप)
363,Manthali Municipality (Ramechhap),32,मन्थली नगरपालिका (रामेछाप)
364,Ramechhap Municipality (Ramechhap),32,रामेछाप नगरपालिका (रामेछाप)
365,Sunapati Gaunpalika (Ramechhap),32,सुनापती गाउँपालिका (रामेछाप)
366,Umakunda Gaunpalika (Ramechhap),32,उमाकुण्ड गाउँपालिका (रामेछाप)
367,Gosaikunda Gaunpalika (Rasuwa),25,गोसाईकुण्ड गाउँपालिका (रसुवा)
368,Kalika Gaunpalika (Rasuwa),25,कालिका गाउँपालिका (रसुवा)
369,Naukunda Gaunpalika (Rasuwa),25,नौकुण्ड गाउँपालिका (रसुवा)
370,Parbatikunda Gaupalika (Rasuwa),25,पार्वतीकुण्ड गाउपालिका (रसुवा)
371,Uttargaya Gaunpalika (Rasuwa),25,उत्तरगया गाउँपालिका (रसुवा)
372,Dudhouli Municipality (Sindhuli),33,दुधौली नगरपालिका (सिन्धुली)
373,Ghyanglekha Gaunpalika (Sindhuli),33,घ्याङलेख गाउँपालिका (सिन्धुली)
374,Golanjor Gaunpalika (Sindhuli),33,गोलन्जोर गाउँपालिका (सिन्धुली)
375,Hariharpurgaghi Gaunpalika (Sindhuli),33,हरिहरपुरगढी गाउँपालिका (सिन्धुली)
376,Kamalamai Municipality (Sindhuli),33,कमलामाई नगरपालिका (सिन्धुली)
377,Marin Gaunpalika (Sindhuli),33,मरिण गाउँपालिका (सिन्धुली)
378,Phikkal Gaunpalika (Sindhuli),33,फिक्कल गाउँपालिका (सिन्धुली)
379,Sunkoshi Gaunpalika (Sindhuli),33,सुनकोशी गाउँपालिका (सिन्धुली)
380,Tinpatan Gaunpalika (Sindhuli),33,तिनपाटन गाउँपालिका (सिन्धुली)
381,Bahrabise Municipality (Sindhupalchok),24,बाह्रविसे नगरपालिका (सिन्धुपाल्चोक)
382,Balephi Gaunpalika (Sindhupalchok),24,बलेफी गाउँपालिका (सिन्धुपाल्चोक)
383,Bhotekoshi Gaunpalika (Sindhupalchok),24,भोटेकोशी गाउँपालिका (सिन्धुपाल्चोक)
384,Choutara Sangachowkgadhi Municipality (Sindhupalchok),24,चौतारा साङ्गाचोकगढी नगरपालिका (सिन्धुपाल्चोक)
385,Helambu Gaunpalika (Sindhupalchok),24,हेलम्बु गाउँपालिका (सिन्धुपाल्चोक)
386,Indrawoti Gaunpalika (Sindhupalchok),24,इन्द्रावती गाउँपालिका (सिन्धुपाल्चोक)
387,Jugal Gaunpalika (Sindhupalchok),24,जुगल गाउँपालिका (सिन्धुपाल्चोक)
388,Lisankhu Pakhar Gaunpalika (Sindhupalchok),24,लिसंखु पाखर गाउँपालिका (सिन्धुपाल्चोक)
389,Melanchi Municipality (Sindhupalchok),24,मेलम्ची नगरपालिका (सिन्धुपाल्चोक)
390,Panchpokhari Thangpal Gaunpalika (Sindhupalchok),24,पाँचपोखरी थाङपाल गाउँपालिका (सिन्धुपाल्चोक)
391,Sunkoshi Gaunpalika (Sindhupalchok),24,सुनकोशी गाउँपालिका (सिन्धुपाल्चोक)
392,Tripurasundari Gaunpalika (Sindhupalchok),24,त्रिपुरासुन्दरी गाउँपालिका (सिन्धुपाल्चोक)
393,Badigad Gaunpalika (Baglung),46,वडिगाड गाउँपालिका (बागलुङ)
394,Baglung Municipality (Baglung),46,बागलुङ नगरपालिका (बागलुङ)
395,Bareng Gaunpalika (Baglung),46,बारेङ गाउँपालिका (बागलुङ)
396,Dhorpatan Municipality (Baglung),46,ढोरपाटन नगरपालिका (बागलुङ)
397,Galkot Municipality (Baglung),46,गल्कोट नगरपालिका (बागलुङ)
398,Jaimuni Municipality (Baglung),46,जैमुनी नगरपालिका (बागलुङ)
399,Kathekhola Gaunpalika (Baglung),46,काठेखोला गाउँपालिका (बागलुङ)
400,Nisikhola Gaunpalika (Baglung),46,निसीखोला गाउँपालिका (बागलुङ)
401,Tamankhola Gaunpalika (Baglung),46,तमानखोला गाउँपालिका (बागलुङ)
402,Tarakhola Gaunpalika (Baglung),46,ताराखोला गाउँपालिका (बागलुङ)
403,Aarughat Gaunpalika (Gorkha),36,आरूघाट गाउँपालिका (गोरखा)
404,Ajirkot Gaunpalika (Gorkha),36,अजिरकोट गाउँपालिका (गोरखा)
405,Barpak Sulikot Gaunpalika (Gorkha),36,बार्पाक सुलीकोट गाउँपालिका (गोरखा)
406,Bhimsen Thapa Gaunpalika (Gorkha),36,भीमसेन थापा गाउँपालिका (गोरखा)
407,Chumanubri Gaunpalika (Gorkha),36,चुमनुब्री गाउँपालिका (गोरखा)
408,Dharche Gaunpalika (Gorkha),36,धार्चे गाउँपालिका (गोरखा)
409,Gandaki Gaunpalika (Gorkha),36,गण्डकी गाउँपालिका (गोरखा)
410,Gorkha Municipality (Gorkha),36,गोरखा नगरपालिका (गोरखा)
411,Palungtar Municipality (Gorkha),36,पालुङटार नगरपालिका (गोरखा)
412,Shahid Lakhan Gaunpalika (Gorkha),36,शहीद लखन गाउँपालिका (गोरखा)
413,Siranchowk Gaunpalika (Gorkha),36,सिरान्चोक गाउँपालिका (गोरखा)
414,Annapurna Gaunpalika (Kaski),40,अन्नपूर्ण गाउँपालिका (कास्की)
415,Machhapuchchhre Gaunpalika (Kaski),40,माछापुच्छ्रे गाउँपालिका (कास्की)
416,Madi Gaunpalika (Kaski),40,माडी गाउँपालिका (कास्की)
417,Pokhara Lekhnath Metropolitan City (Kaski),40,पोखरा लेखनाथ महानगरपालिका (कास्की)
418,Rupa Gaunpalika (Kaski),40,रुपा गाउँपालिका (कास्की)
419,Bensi Shahar Municipality (Lamjung),41,बेसीसहर नगरपालिका (लमजुङ)
420,Dordi Gaunpalika (Lamjung),41,दोर्दी गाउँपालिका (लमजुङ)
421,Dudhapokhari Gaunpalika (Lamjung),41,दुधपोखरी गाउँपालिका (लमजुङ)
422,Kwhola Sothar Gaunpalika (Lamjung),41,क्व्होलासोथार गाउँपालिका (लमजुङ)
423,Madhya Nepal Municipality (Lamjung),41,मध्य नेपाल नगरपालिका (लमजुङ)
424,Marshyangdi Gaunpalika (Lamjung),41,मर्स्याङ्दी गाउँपालिका (लमजुङ)
425,Rainas Municipality (Lamjung),41,राईनास नगरपालिका (लमजुङ)
426,Sundarbazar Municipality (Lamjung),41,सुन्दरबजार नगरपालिका (लमजुङ)
427,Chame Gaunpalika (Manang),37,चामे गाउँपालिका (मनाङ)
428,Manang Nisyang Gaunpalika (Manang),37,मनाङ निस्याङ गाउँपालिका (मनाङ)
429,Narpabhumi Gaunpalika (Manang),37,नार्पाभूमि गाउँपालिका (मनाङ)
430,Narsho Gaunpalika (Manang),37,नार्सो गाउँपालिका (मनाङ)
431,Gharpajhong Gaunpalika (Mustang),38,घरपजोङ गाउँपालिका (मुस्ताङ)
432,Lho-Ghekar Damodarkunda Gaunpalika (Mustang),38,ल्हो-घेकर दामोदरकुण्ड गाउँपालिका (मुस्ताङ)
433,Lomanthang Gaunpalika (Mustang),38,लोमान्थाङ गाउँपालिका (मुस्ताङ)
434,Thasang Gaunpalika (Mustang),38,थासाङ गाउँपालिका (मुस्ताङ)
435,Waragung Muktikshetra Gaunpalika (Mustang),38,वारागुङ मुक्तिक्षेत्र गाउँपालिका (मुस्ताङ)
436,Annapurna Gaunpalika (Myagdi),39,अन्नपूर्ण गाउँपालिका (म्याग्दी)
437,Beni Municipality (Myagdi),39,बेनी नगरपालिका (म्याग्दी)
438,Dhawalagiri Gaunpalika (Myagdi),39,धवलागिरी गाउँपालिका (म्याग्दी)
439,Malika Gaunpalika (Myagdi),39,मालिका गाउँपालिका (म्याग्दी)
440,Mangala Gaunpalika (Myagdi),39,मङ्गला गाउँपालिका (म्याग्दी)
441,Raghuganga Gaunpalika (Myagdi),39,रघुगंगा गाउँपालिका (म्याग्दी)
442,Baudikali Gaunpalika (Nawalparasi_E),43,बौदीकाली गाउँपालिका (नवलपरासी पूर्व)
443,Binayi Tribeni Gaunpalika (Nawalparasi_E),43,बिनायी त्रिवेणी गाउँपालिका (नवलपरासी पूर्व)
444,Bulingtar Gaunpalika (Nawalparasi_E),43,बुलिङटार गाउँपालिका (नवलपरासी पूर्व)
445,Devchuli Municipality (Nawalparasi_E),43,देवचुली नगरपालिका (नवलपरासी पूर्व)
446,Gaidakot Municipality (Nawalparasi_E),43,गैडाकोट नगरपालिका (नवलपरासी पूर्व)
447,Hupsekot Gaunpalika (Nawalparasi_E),43,हुप्सेकोट गाउँपालिका (नवलपरासी पूर्व)
448,Kawasoti Municipality (Nawalparasi_E),43,कावासोती नगरपालिका (नवलपरासी पूर्व)
449,Madhya Bindu Municipality (Nawalparasi_E),43,मध्यबिन्दु नगरपालिका (नवलपरासी पूर्व)
450,Bihadi Gaunpalika (Parbat),45,बिहादी गाउँपालिका (पर्वत)
451,Jaljala Gaunpalika (Parbat),45,जलजला गाउँपालिका (पर्वत)
452,Kushma Municipality (Parbat),45,कुश्मा नगरपालिका (पर्वत)
453,Mahashila Gaunpalika (Parbat),45,महाशिला गाउँपालिका (पर्वत)
454,Modi Gaunpalika (Parbat),45,मोदी गाउँपालिका (पर्वत)
455,Paiyu Gaunpalika (Parbat),45,पैयू गाउँपालिका (पर्वत)
456,Phalebas Municipality (Parbat),45,फालेबास नगरपालिका (पर्वत)
457,Aandhikhola Gaunpalika (Syangja),44,आँधिखोला गाउँपालिका (स्याङ्जा)
458,Arjun Choupari Gaunpalika (Syangja),44,अर्जुन चौपारी गाउँपालिका (स्याङ्जा)
459,Bhirkot Municipaity (Syangja),44,भिरकोट नगरपालिका (स्याङ्जा)
460,Biruwa Gaunpalika (Syangja),44,बिरुवा गाउँपालिका (स्याङ्जा)
461,Chapakot Municipality (Syangja),44,चापाकोट नगरपालिका (स्याङ्जा)
462,Galyang Municipality (Syangja),44,गल्याङ नगरपालिका (स्याङ्जा)
463,Harinas Gaunpalika (Syangja),44,हरिनास गाउँपालिका (स्याङ्जा)
464,Kaligandaki Gaunpalika (Syangja),44,कालीगण्डकी गाउँपालिका (स्याङ्जा)
465,Phedikhola Gaunpalika (Syangja),44,फेदीखोला गाउँपालिका (स्याङ्जा)
466,Putalibazar Municipality (Syangja),44,पुतलीबजार नगरपालिका (स्याङ्जा)
467,Walling Municipality (Syangja),44,वालिङ नगरपालिका (स्याङ्जा)
468,Aanbu Khaireni Gaunpalika (Tanahu),42,आँबु खैरेनी गाउँपालिका (तनहुँ)
469,Bandipur Gaunpalika (Tanahu),42,बन्दिपुर गाउँपालिका (तनहुँ)
470,Bhanu Municipality (Tanahu),42,भानु नगरपालिका (तनहुँ)
471,Bhimad Municipality (Tanahu),42,भिमाद नगरपालिका (तनहुँ)
472,Byas Municipality (Tanahu),42,व्यास नगरपालिका (तनहुँ)
473,Devghat Gaunpalika (Tanahu),42,देवघाट गाउँपालिका (तनहुँ)
474,Ghiring Gaunpalika (Tanahu),42,घिरिङ गाउँपालिका (तनहुँ)
475,Myagde Gaunpalika (Tanahu),42,म्याग्दे गाउँपालिका (तनहुँ)
476,Rhishing Gaunpalika (Tanahu),42,ऋषिङ गाउँपालिका (तनहुँ)
477,Shuklagandaki Municipality (Tanahu),42,शुक्लगण्डकी नगरपालिका (तनहुँ)
478,Bhumekasthan (Arghakhanchi),51,भुमेकस्थान (अर्घाखाँची)
479,Chhatradev (Arghakhanchi),51,छत्रदेव (अर्घाखाँची)
480,Malarani (Arghakhanchi),51,मालारानी (अर्घाखाँची)
481,Panini (Arghakhanchi),51,पाणिनी (अर्घाखाँची)
482,Sandhikharka (Arghakhanchi),51,सन्धिखर्क (अर्घाखाँची)
483,Sitganga (Arghakhanchi),51,सितगंगा (अर्घाखाँची)
484,Baijanath (Banke),57,बैजनाथ (बाँके)
485,Duduwa (Banke),57,दुडुवा (बाँके)
486,Janki (Banke),57,जानकी (बाँके)
487,Khajura (Banke),57,खजुरा (बाँके)
488,Kohalpur (Banke),57,कोहलपुर (बाँके)
489,Narainapur (Banke),57,नरैनापुर (बाँके)
490,Nepalgunj (Banke),57,नेपालगञ्ज (बाँके)
491,Rapti Sonari (Banke),57,राप्ती सोनारी (बाँके)
492,Badhaiyatal (Bardiya),58,बढैयाताल (बर्दिया)
493,Bansagadhi (Bardiya),58,बंसगढी (बर्दिया)
494,Barbardiya (Bardiya),58,बरबर्दिया (बर्दिया)
495,Geruwa (Bardiya),58,गेरुवा (बर्दिया)
496,Gulariya (Bardiya),58,गुलरिया (बर्दिया)
497,Madhuwan (Bardiya),58,मधुवन (बर्दिया)
498,Rajapur (Bardiya),58,राजापुर (बर्दिया)
499,Thakurbaba (Bardiya),58,ठाकुरबाबा (बर्दिया)
500,Babai (Dang),56,बबई (दाङ)
501,Banglachuli (Dang),56,बाङ्लाचुली (दाङ)
502,Dangisharan (Dang),56,दाङीशरण (दाङ)
503,Gadhawa (Dang),56,गढवा (दाङ)
504,Ghorahi (Dang),56,घोराही (दाङ)
505,Lamahi (Dang),56,लमही (दाङ)
506,Rajpur (Dang),56,राजपुर (दाङ)
507,Rapti (Dang),56,राप्ती (दाङ)
508,Shantinagar (Dang),56,शान्तिनगर (दाङ)
509,Tulsipur (Dang),56,तुल्सिपुर (दाङ)
510,Chandrakot (Gulmi),50,चन्द्रकोट (गुल्मी)
511,Chatrakot (Gulmi),50,चत्राकोट (गुल्मी)
512,Dhurkot (Gulmi),50,धुर्कोट (गुल्मी)
513,Gulmidarbar (Gulmi),50,गुल्मीदरबार (गुल्मी)
514,Isma (Gulmi),50,इस्मा (गुल्मी)
515,Kaligandaki (Gulmi),50,कालीगण्डकी (गुल्मी)
516,Madane (Gulmi),50,मदाने (गुल्मी)
517,Malika (Gulmi),50,मालिका (गुल्मी)
518,Musikot (Gulmi),50,मुसिकोट (गुल्मी)
519,Resunga (Gulmi),50,रेसुङ्गा (गुल्मी)
520,Ruru (Gulmi),50,रुरु (गुल्मी)
521,Satyawati (Gulmi),50,सत्यवती (गुल्मी)
522,Banganga (Kapilbastu),55,बाणगंगा (कपिलवस्तु)
523,Bijayanagar (Kapilbastu),55,बिजयनगर (कपिलवस्तु)
524,Buddhabhumi (Kapilbastu),55,बुद्धभूमि (कपिलवस्तु)
525,Kapilbastu (Kapilbastu),55,कपिलवस्तु (कपिलवस्तु)
526,Krishnanagar (Kapilbastu),55,कृष्णनगर (कपिलवस्तु)
527,Maharajgunj (Kapilbastu),55,महाराजगंज (कपिलवस्तु)
528,Mayadevi (Kapilbastu),55,मायादेवी (कपिलवस्तु)
529,Shivaraj (Kapilbastu),55,शिवराज (कपिलवस्तु)
530,Suddhodhan (Kapilbastu),55,सुद्धोधन (कपिलवस्तु)
531,Yashodhara (Kapilbastu),55,यशोधरा (कपिलवस्तु)
532,Bardaghat (Nawalparasi_W),53,बर्दघाट (नवलपरासी पश्चिम)
533,Palhi Nandan (Nawalparasi_W),53,पाल्ही नन्दन (नवलपरासी पश्चिम)
534,Pratappur (Nawalparasi_W),53,प्रतापपुर (नवलपरासी पश्चिम)
535,Ramgram (Nawalparasi_W),53,रामग्राम (नवलपरासी पश्चिम)
536,Sarawal (Nawalparasi_W),53,सरावाल (नवलपरासी पश्चिम)
537,Sunwal (Nawalparasi_W),53,सुनवल (नवलपरासी पश्चिम)
538,Susta (Nawalparasi_W),53,सुस्ता (नवलपरासी पश्चिम)
539,Bagnaskali (Palpa),52,बगनासकाली (पाल्पा)
540,Mathagadhi (Palpa),52,माथागढी (पाल्पा)
541,Nisdi (Palpa),52,निस्दी (पाल्पा)
542,Purbakhola (Palpa),52,पूर्वखोला (पाल्पा)
543,Rainadevi Chhahara (Palpa),52,रैनादेवी छहरा (पाल्पा)
544,Rambha (Palpa),52,रम्भा (पाल्पा)
545,Rampur (Palpa),52,रामपुर (पाल्पा)
546,Ribdikot (Palpa),52,रिब्दीकोट (पाल्पा)
547,Tansen (Palpa),52,तानसेन (पाल्पा)
548,Tinau (Palpa),52,तिनाउ (पाल्पा)
549,Ayirabati (Pyuthan),49,अयिरावती (प्युठान)
550,Gaumukhi (Pyuthan),49,गौमुखी (प्युठान)
551,Jhimruk (Pyuthan),49,झिमरुक (प्युठान)
552,Mallarani (Pyuthan),49,मल्लरानी (प्युठान)
553,Mandavi (Pyuthan),49,माण्डवी (प्युठान)
554,Naubahini (Pyuthan),49,नौबहिनी (प्युठान)
555,Pyuthan (Pyuthan),49,प्युठान (प्युठान)
556,Sarumarani (Pyuthan),49,सरुमारानी (प्युठान)
557,Sworgadwary (Pyuthan),49,स्वर्गद्वारी (प्युठान)
558,Duikholi (Rolpa),48,दुईखोली (रोल्पा)
559,Lungri (Rolpa),48,लुङ्ग्री (रोल्पा)
560,Madi (Rolpa),48,माडी (रोल्पा)
561,Rolpa (Rolpa),48,रोल्पा (रोल्पा)
562,Runtigadi (Rolpa),48,रुन्टीगढी (रोल्पा)
563,Sukidaha (Rolpa),48,सुकीदह (रोल्पा)
564,Sunchhahari (Rolpa),48,सुनछहरी (रोल्पा)
565,Suwarnabati (Rolpa),48,सुवर्णवती (रोल्पा)
566,Thawang (Rolpa),48,थवाङ (रोल्पा)
567,Tribeni (Rolpa),48,त्रिवेणी (रोल्पा)
568,Bhume (Rukum_E),47,भूमे (रुकुम पूर्व)
569,Putha Uttarganga (Rukum_E),47,पुथा उत्तरगंगा (रुकुम पूर्व)
570,Sisne (Rukum_E),47,सिस्ने (रुकुम पूर्व)
571,Butwal (Rupandehi),54,बुटवल (रुपन्देही)
572,Devdaha (Rupandehi),54,देवदह (रुपन्देही)
573,Gaidahawa (Rupandehi),54,गैडाहवा (रुपन्देही)
574,Kanchan (Rupandehi),54,कञ्चन (रुपन्देही)
575,Kotahimai (Rupandehi),54,कोटहीमाई (रुपन्देही)
576,Lumbini Sanskritik (Rupandehi),54,लुम्बिनी सांस्कृतिक (रुपन्देही)
577,Marchawari (Rupandehi),54,मर्चवारी (रुपन्देही)
578,Mayadevi (Rupandehi),54,मायादेवी (रुपन्देही)
579,Omsatiya (Rupandehi),54,ओमसतिया (रुपन्देही)
580,Rohini (Rupandehi),54,रोहिणी (रुपन्देही)
581,Sainamaina (Rupandehi),54,सैनामैना (रुपन्देही)
582,Sammarimai (Rupandehi),54,सम्मरीमाई (रुपन्देही)
583,Siddharthanagar (Rupandehi),54,सिद्धार्थनगर (रुपन्देही)
584,Siyari (Rupandehi),54,सियारी (रुपन्देही)
585,Sudhdhodhan (Rupandehi),54,सुद्धोधन (रुपन्देही)
586,Tillotama (Rupandehi),54,तिल्लोत्तमा (रुपन्देही)
587,Aathbis Municipality (Dailekh),65,आठबीस नगरपालिका (दैलेख)
588,Bhagawatimai Gaunpalika (Dailekh),65,भगवतीमाई गाउँपालिका (दैलेख)
589,Bhairabi Gaunpalika (Dailekh),65,भैरवी गाउँपालिका (दैलेख)
590,Chamunda Bindrasaini Municipality (Dailekh),65,चामुण्डा विन्द्रासैनी नगरपालिका (दैलेख)
591,Dullu Municipality (Dailekh),65,दुल्लु नगरपालिका (दैलेख)
592,Dungeshwor Gaunpalika (Dailekh),65,डुङ्गेश्वर गाउँपालिका (दैलेख)
593,Gurans Gaunpalika (Dailekh),65,गुराँस गाउँपालिका (दैलेख)
594,Mahabu Gaunpalika (Dailekh),65,महाबु गाउँपालिका (दैलेख)
595,Narayan Municipality (Dailekh),65,नारायण नगरपालिका (दैलेख)
596,Naumule Gaunpalika (Dailekh),65,नौमुले गाउँपालिका (दैलेख)
597,Thantikandh Gaunpalika (Dailekh),65,ठाँटीकाँध गाउँपालिका (दैलेख)
598,Chharka Tangsong Gaunpalika (Dolpa),60,चार्का ताङसोङ गाउँपालिका (डोल्पा)
599,Dolpo Buddha Gaunpalika (Dolpa),60,डोल्पो बुद्ध गाउँपालिका (डोल्पा)
600,Jagadulla Gaunpalika (Dolpa),60,जगदुल्ला गाउँपालिका (डोल्पा)
601,Kaike Gaunpalika (Dolpa),60,काइके गाउँपालिका (डोल्पा)
602,Mudkechula Gaunpalika (Dolpa),60,मुड्केचुला गाउँपालिका (डोल्पा)
603,Shey Phoksundo Gaunpalika (Dolpa),60,शे फोक्सुण्डो गाउँपालिका (डोल्पा)
604,Thulibheri Municipality (Dolpa),60,ठुलीभेरी नगरपालिका (डोल्पा)
605,Tripurasundari Municipality (Dolpa),60,त्रिपुरासुन्दरी नगरपालिका (डोल्पा)
606,Adanchuli Gaunpalika (Humla),62,अडाँचुली गाउँपालिका (हुम्ला)
607,Chankheli Gaunpalika (Humla),62,चंखेली गाउँपालिका (हुम्ला)
608,Kharpunath Gaunpalika (Humla),62,खार्पुनाथ गाउँपालिका (हुम्ला)
609,Namkha Gaunpalika (Humla),62,नाम्खा गाउँपालिका (हुम्ला)
610,Sarkegad Gaunpalika (Humla),62,सर्केगाड गाउँपालिका (हुम्ला)
611,Simkot Gaunpalika (Humla),62,सिमकोट गाउँपालिका (हुम्ला)
612,Tanjakot Gaunpalika (Humla),62,ताञ्जाकोट गाउँपालिका (हुम्ला)
613,Barekot Gaunpalika (Jajarkot),66,बारेकोट गाउँपालिका (जाजरकोट)
614,Bheri Malika Municipality (Jajarkot),66,भेरी मालिका नगरपालिका (जाजरकोट)
615,Chhedagad Municipality (Jajarkot),66,छेडागाड नगरपालिका (जाजरकोट)
616,Junichande Gaunpalika (Jajarkot),66,जुनीचाँदे गाउँपालिका (जाजरकोट)
617,Kuse Gaunpalika (Jajarkot),66,कुसे गाउँपालिका (जाजरकोट)
618,Shivalaya Gaunpalika (Jajarkot),66,शिवालय गाउँपालिका (जाजरकोट)
619,Nalagad Municipality (Jajarkot),66,नालागाड नगरपालिका (जाजरकोट)
620,Chandannath Municipality (Jumla),63,चन्दननाथ नगरपालिका (जुम्ला)
621,Guthichaur Gaunpalika (Jumla),63,गुठिचौर गाउँपालिका (जुम्ला)
622,Hima Gaunpalika (Jumla),63,हिमा गाउँपालिका (जुम्ला)
623,Kanaka Sundari Gaun Palika (Jumla),63,कनकसुन्दरी गाउँपालिका (जुम्ला)
624,Patarasi Gaunpalika (Jumla),63,पातारासी गाउँपालिका (जुम्ला)
625,Sinja Gaunpalika (Jumla),63,सिंजा गाउँपालिका (जुम्ला)
626,Tatopani Gaunpalika (Jumla),63,तातोपानी गाउँपालिका (जुम्ला)
627,Tila Gaunpalika (Jumla),63,तिला गाउँपालिका (जुम्ला)
628,Shuba Kalika Gaunpalika (Kalikot),64,शुभ कालिका गाउँपालिका (कालीकोट)
629,Khandachakra Municipality (Kalikot),64,खण्डाचक्र नगरपालिका (कालीकोट)
630,Mahawai Gaunpalika (Kalikot),64,महावै गाउँपालिका (कालीकोट)
631,Naraharinath Gaunpalika (Kalikot),64,नरहरिनाथ गाउँपालिका (कालीकोट)
632,Pachal Jharana Gaunpalika (Kalikot),64,पाचल झरना गाउँपालिका (कालीकोट)
633,Palata Gaunpalika (Kalikot),64,पालाता गाउँपालिका (कालीकोट)
634,Raskot Municipality (Kalikot),64,रास्कोट नगरपालिका (कालीकोट)
635,Sanni Tribeni Gaunpalika (Kalikot),64,सान्नी त्रिवेणी गाउँपालिका (कालीकोट)
636,Tilagupha Municipality (Kalikot),64,तिलागुफा नगरपालिका (कालीकोट)
637,Chhayanath Rara Municipality (Mugu),61,छायाँनाथ रारा नगरपालिका (मुगु)
638,Khatyad Gaunpalika (Mugu),61,खत्याड गाउँपालिका (मुगु)
639,Mugumakarmarog Gaunpalika (Mugu),61,मुगुमाकार्मारोग गाउँपालिका (मुगु)
640,Soru Gaunpalika (Mugu),61,सोरु गाउँपालिका (मुगु)
641,Aathabisakot Municipality (Rukum_W),59,आठबीसकोट नगरपालिका (रुकुम पश्चिम)
642,Baphikot Gaunpalika (Rukum_W),59,बाफिकोट गाउँपालिका (रुकुम पश्चिम)
643,Chaurjahari Municipality (Rukum_W),59,चौरजहारी नगरपालिका (रुकुम पश्चिम)
644,Musikot Municipality (Rukum_W),59,मुसिकोट नगरपालिका (रुकुम पश्चिम)
645,Sanibheri Gaunpalika (Rukum_W),59,सानीभेरी गाउँपालिका (रुकुम पश्चिम)
646,Tribeni Gaunpalika (Rukum_W),59,त्रिवेणी गाउँपालिका (रुकुम पश्चिम)
647,Bagachour Municipality (Salyan),67,बागचौर नगरपालिका (सल्यान)
648,Banagad Kupinde Municipality (Salyan),67,बनगाड कुपिण्डे नगरपालिका (सल्यान)
649,Chhatreshwori Gaunpalika (Salyan),67,छत्रेश्वरी गाउँपालिका (सल्यान)
650,Darma Gaunpalika (Salyan),67,दार्मा गाउँपालिका (सल्यान)
651,Siddha Kumakh Gaunpalika (Salyan),67,सिद्ध कुमाख गाउँपालिका (सल्यान)
652,Kalimati Gaunpalika (Salyan),67,कालिमाटी गाउँपालिका (सल्यान)
653,Kapurkot Gaunpalika (Salyan),67,कपुरकोट गाउँपालिका (सल्यान)
654,Kumakh Gaunpalika (Salyan),67,कुमाख गाउँपालिका (सल्यान)
655,Sharada Municipality (Salyan),67,शारदा नगरपालिका (सल्यान)
656,Tribeni Gaunpalika (Salyan),67,त्रिवेणी गाउँपालिका (सल्यान)
657,Barahatal Gaunpalika (Surkhet),68,बराहाताल गाउँपालिका (सुर्खेत)
658,Bheriganga Municipality (Surkhet),68,भेरीगंगा नगरपालिका (सुर्खेत)
659,Birendranagar Municipality (Surkhet),68,वीरेन्द्रनगर नगरपालिका (सुर्खेत)
660,Chaukune Gaunpalika (Surkhet),68,चौकुने गाउँपालिका (सुर्खेत)
661,Chingad Gaunpalika (Surkhet),68,चिङ्गाड गाउँपालिका (सुर्खेत)
662,Gurbhakot Municipality (Surkhet),68,गुर्भाकोट नगरपालिका (सुर्खेत)
663,Lekabeshi Municipality (Surkhet),68,लेकवेशी नगरपालिका (सुर्खेत)
664,Panchapuri Municipality (Surkhet),68,पञ्चपुरी नगरपालिका (सुर्खेत)
665,Simta Gaunpalika (Surkhet),68,सिम्ता गाउँपालिका (सुर्खेत)
666,Bannigadhi Jayagadh Gaunpalika (Achham),75,बन्नीगढी जयगढ गाउँपालिका (अछाम)
667,Chaurpati Gaunpalika (Achham),75,चौरपाटी गाउँपालिका (अछाम)
668,Dhakari Gaunpalika (Achham),75,ढकरी गाउँपालिका (अछाम)
669,Kamal bazar Municipality (Achham),75,कमल बजार नगरपालिका (अछाम)
670,Mangalsen Municipality (Achham),75,मंगलसेन नगरपालिका (अछाम)
671,Mellekh Gaunpalika (Achham),75,मेलेख गाउँपालिका (अछाम)
672,Panchdebal Binayak Municipality (Achham),75,पञ्चदेवल विनायक नगरपालिका (अछाम)
673,Ramaroshan Gaunpalika (Achham),75,रामारोशन गाउँपालिका (अछाम)
674,Sanphebagar Municipality (Achham),75,साफेबगर नगरपालिका (अछाम)
675,Turmakhand Gaunpalika (Achham),75,तुर्माखाँद गाउँपालिका (अछाम)
676,Dasharatha Chand Municipality (Baitadi),72,दशरथचन्द नगरपालिका (बैतडी)
677,Dilasaini Gaunpalika (Baitadi),72,दिलसैनी गाउँपालिका (बैतडी)
678,DogadaKedar Gaunpalika (Baitadi),72,डोगडा केदार गाउँपालिका (बैतडी)
679,Melauli Municipality (Baitadi),72,मेलौली नगरपालिका (बैतडी)
680,Pancheshwor Gaunpalika (Baitadi),72,पंचेश्वर गाउँपालिका (बैतडी)
681,Patan Municipality (Baitadi),72,पाटन नगरपालिका (बैतडी)
682,Puchaundi Municipality (Baitadi),72,पुचौंडी नगरपालिका (बैतडी)
683,Shivanath Gaunpalika (Baitadi),72,शिवनाथ गाउँपालिका (बैतडी)
684,Sigas Gaunpalika (Baitadi),72,सिगास गाउँपालिका (बैतडी)
685,Surnaya Gaunpalika (Baitadi),72,सुर्नया गाउँपालिका (बैतडी)
686,Bitthadchir Gaunpalika (Bajhang),70,बित्थडचिर गाउँपालिका (बझाङ)
687,Bungal Municipality (Bajhang),70,बुङ्गल नगरपालिका (बझाङ)
688,Chhabis Pathibhara Gaunpalika (Bajhang),70,छब्बीस पाथीभरा गाउँपालिका (बझाङ)
689,Durgathali Gaunpalika (Bajhang),70,दुर्गाथली गाउँपालिका (बझाङ)
690,Jayaprithibi Municipality (Bajhang),70,जयपृथ्वी नगरपालिका (बझाङ)
691,Kadaa Gaunpalika (Bajhang),70,कडाँ गाउँपालिका (बझाङ)
692,Kedarsyun Gaunpalika (Bajhang),70,केदारस्युँ गाउँपालिका (बझाङ)
693,Khaptad Chhanna Gaunpalika (Bajhang),70,खप्तड छन्ना गाउँपालिका (बझाङ)
694,Masta Gaunpalika (Bajhang),70,मस्ता गाउँपालिका (बझाङ)
695,Surma Gaunpalika (Bajhang),70,सुर्मा गाउँपालिका (बझाङ)
696,Talkot Gaunpalika (Bajhang),70,तालकोट गाउँपालिका (बझाङ)
697,Thalara Gaunpalika (Bajhang),70,थलारा गाउँपालिका (बझाङ)
698,Badimalika Municipality (Bajura),69,बडीमालिका नगरपालिका (बाजुरा)
699,Budhiganga Municipality (Bajura),69,बुढीगंगा नगरपालिका (बाजुरा)
700,Budhinanda Municipality (Bajura),69,बुढीनन्दा नगरपालिका (बाजुरा)
701,Gaumul Gaunpalika (Bajura),69,गौमुल गाउँपालिका (बाजुरा)
702,Himali Gaunpalika (Bajura),69,हिमाली गाउँपालिका (बाजुरा)
703,Jagannath Gaunpalika (Bajura),69,जगन्नाथ गाउँपालिका (बाजुरा)
704,Khaptad Chhededaha Gaunpalika (Bajura),69,खप्तड छेडेदह गाउँपालिका (बाजुरा)
705,Swami Kartik Khapar Gaunpalika (Bajura),69,स्वामी कार्तिक खापर गाउँपालिका (बाजुरा)
706,Tribeni Municipality (Bajura),69,त्रिवेणी नगरपालिका (बाजुरा)
707,Aalital Gaunpalika (Dadeldhura),73,आलिताल गाउँपालिका (डडेलधुरा)
708,Ajaymeru Gaunpalika (Dadeldhura),73,अजयमेरु गाउँपालिका (डडेलधुरा)
709,Amargadhi Municipality (Dadeldhura),73,अमरगढी नगरपालिका (डडेलधुरा)
710,Bhageshwor Gaunpalika (Dadeldhura),73,भगेश्वर गाउँपालिका (डडेलधुरा)
711,Ganyapdhura Gaunpalika (Dadeldhura),73,गन्यापधुरा गाउँपालिका (डडेलधुरा)
712,Nawadurga Gaunpalika (Dadeldhura),73,नवदुर्गा गाउँपालिका (डडेलधुरा)
713,Parashuram Municipality (Dadeldhura),73,परशुराम नगरपालिका (डडेलधुरा)
714,Apihimal Gaunpalika (Darchula),71,अपिहिमाल गाउँपालिका (दार्चुला)
715,Byas Gaunpalika (Darchula),71,व्यास गाउँपालिका (दार्चुला)
716,Duhun Gaunpalika (Darchula),71,दुहुँ गाउँपालिका (दार्चुला)
717,Lekam Gaunpalika (Darchula),71,लेकम गाउँपालिका (दार्चुला)
718,Mahakali Municipality (Darchula),71,महाकाली नगरपालिका (दार्चुला)
719,Malikarjun Gaunpalika (Darchula),71,मालिकार्जुन गाउँपालिका (दार्चुला)
720,Marma Gaunpalika (Darchula),71,मर्मा गाउँपालिका (दार्चुला)
721,Naugad Gaunpalika (Darchula),71,नौगाड गाउँपालिका (दार्चुला)
722,Shailyashikhar Municipality (Darchula),71,शैल्यशिखर नगरपालिका (दार्चुला)
723,Aadarsha Gaunpalika (Doti),74,आदर्श गाउँपालिका (डोटी)
724,Badi Kedar Gaunpalika (Doti),74,बडी केदार गाउँपालिका (डोटी)
725,Bogatan Gaunpalika (Doti),74,बोगटान गाउँपालिका (डोटी)
726,Dipayal Silgadhi Municipality (Doti),74,दिपायल सिलगढी नगरपालिका (डोटी)
727,Jorayal Gaunpalika (Doti),74,जोरायल गाउँपालिका (डोटी)
728,K.I. Singh Gaunpalika (Doti),74,के.आई. सिंह गाउँपालिका (डोटी)
729,Purbichouki Gaunpalika (Doti),74,पूर्विचौकी गाउँपालिका (डोटी)
730,Sayal Gaunpalika (Doti),74,सायल गाउँपालिका (डोटी)
731,Shikhar Municipality (Doti),74,शिखर नगरपालिका (डोटी)
732,Bardagoriya Gaunpalika (Kailali),76,बर्डागोरिया गाउँपालिका (कैलाली)
733,Bhajani Municipality (Kailali),76,भजनी नगरपालिका (कैलाली)
734,Chure Gaunpalika (Kailali),76,चुरे गाउँपालिका (कैलाली)
735,Dhangadhi Sub-Metropolitan City (Kailali),76,धनगढी उप-महानगरपालिका (कैलाली)
736,Gauriganga Municipality (Kailali),76,गौरीगंगा नगरपालिका (कैलाली)
737,Ghodaghodi Municipality (Kailali),76,घोडाघोडी नगरपालिका (कैलाली)
738,Godawari Municipality (Kailali),76,गोदावरी नगरपालिका (कैलाली)
739,Janaki Gaunpalika (Kailali),76,जानकी गाउँपालिका (कैलाली)
740,Joshipur Gaunpalika (Kailali),76,जोशीपुर गाउँपालिका (कैलाली)
741,Kailari Gaunpalika (Kailali),76,कैलारी गाउँपालिका (कैलाली)
742,Lamki Chuha Municipality (Kailali),76,लम्की चुहा नगरपालिका (कैलाली)
743,Mohanyal Gaunpalika (Kailali),76,मोहन्याल गाउँपालिका (कैलाली)
744,Tikapur Municipality (Kailali),76,टिकापुर नगरपालिका (कैलाली)
745,Bedkot Municipality (Kanchanpur),77,बेडकोट नगरपालिका (कंचनपुर)
746,Beldandi Gaunpalika (Kanchanpur),77,बेलडाँडी गाउँपालिका (कंचनपुर)
747,Belouri Municipality (Kanchanpur),77,बेलौरी नगरपालिका (कंचनपुर)
748,Bhimdatta Municipality (Kanchanpur),77,भीमदत्त नगरपालिका (कंचनपुर)
749,Krishnapur Municipality (Kanchanpur),77,कृष्णपुर नगरपालिका (कंचनपुर)
750,Laljhadi Gaunpalika (Kanchanpur),77,लालझाडी गाउँपालिका (कंचनपुर)
751,Mahakali Municipality (Kanchanpur),77,महाकाली नगरपालिका (कंचनपुर)
752,Punarbas Municipality (Kanchanpur),77,पुनर्वास नगरपालिका (कंचनपुर)
753,Shuklaphanta Municipality (Kanchanpur),77,शुक्लाफाँटा नगरपालिका (कंचनपुर)